{
    "nodeNames": [
        "Name",
        "Name",
        "Name"
    ],
    "nodeDescriptions": [
        "Description",
        "Description",
        "Description"
    ],
    "nodePositions": [
        {
            "x": 0.15000000596046449,
            "y": 0.30000001192092898
        },
        {
            "x": 0.25,
            "y": 0.30000001192092898
        },
        {
            "x": 0.20000000298023225,
            "y": 0.20000000298023225
        }
    ]
}