{
    "nodeNames": [
        "Name",
        "Name",
        "Name"
    ],
    "nodeDescriptions": [
        "Description",
        "Description",
        "Description"
    ],
    "nodePositions": [
        {
            "x": 0.6675000190734863,
            "y": 0.18649999797344209
        },
        {
            "x": 0.7574999928474426,
            "y": 0.14949999749660493
        },
        {
            "x": 0.7889999747276306,
            "y": 0.2160000056028366
        }
    ]
}